watchlist_id,name,category,country,match_key
WL-0001,Mohamed Al Rashed Trading,Sanctions,Iran,mohamed al rashed trading
WL-0002,Hamid Reza Imports,Sanctions,Iran,hamid reza imports
WL-0003,Zhong Wei Logistics,Sanctions,North Korea,zhong wei logistics
WL-0004,Aung Min Holdings,Sanctions,Myanmar,aung min holdings
WL-0005,Omar Barakat,PEP,Belarus,omar barakat
WL-0006,Qasim Ivanov,Sanctions,Iran,qasim ivanov
WL-0007,Qasim Sultanov,Sanctions,Russia,qasim sultanov
WL-0008,Omar Karimov,Sanctions,Russia,omar karimov
WL-0009,Rustam Kazmi,Sanctions,Myanmar,rustam kazmi
WL-0010,Marat Sultanov,Sanctions,Myanmar,marat sultanov
WL-0011,Arman Barakat,Sanctions,Russia,arman barakat
WL-0012,Bashir Zaman,Sanctions,Myanmar,bashir zaman
WL-0013,Arman Sultanov,PEP,Belarus,arman sultanov
WL-0014,Samir Zaman,Sanctions,Libya,samir zaman
WL-0015,Jamal Sultanov,Sanctions,Libya,jamal sultanov
WL-0016,Cyrus Sultanov,PEP,Belarus,cyrus sultanov
WL-0017,Rustam Haddad,PEP,Syria,rustam haddad
WL-0018,Hamza Barakat,PEP,Russia,hamza barakat
WL-0019,Cyrus Ivanov,Sanctions,Belarus,cyrus ivanov
WL-0020,Dmitri Karimov,PEP,Russia,dmitri karimov
WL-0021,Arman Darwish,Sanctions,Iran,arman darwish
WL-0022,Gideon Volkov,PEP,Belarus,gideon volkov
WL-0023,Marat Orlov,Sanctions,Myanmar,marat orlov
WL-0024,Gideon Darwish,PEP,Syria,gideon darwish
WL-0025,Cyrus Karimov,PEP,Russia,cyrus karimov
WL-0026,Nadir Haddad,Sanctions,Iran,nadir haddad
WL-0027,Dmitri Volkov,Sanctions,Belarus,dmitri volkov
WL-0028,Pavel Petrenko,Sanctions,Belarus,pavel petrenko
WL-0029,Qasim Zaman,Sanctions,Belarus,qasim zaman
WL-0030,Marat Haddad,PEP,Belarus,marat haddad
WL-0031,Ivan Ivanov,PEP,Russia,ivan ivanov
WL-0032,Gideon Petrenko,PEP,Myanmar,gideon petrenko
WL-0033,Samir Haddad,Sanctions,Iran,samir haddad
WL-0034,Gideon Sultanov,PEP,Russia,gideon sultanov
WL-0035,Tariq Nasser,PEP,Belarus,tariq nasser
WL-0036,Cyrus Haddad,Sanctions,Iran,cyrus haddad
WL-0037,Samir Darwish,Sanctions,Russia,samir darwish
WL-0038,Leila Ivanov,PEP,Iran,leila ivanov
WL-0039,Samir Sultanov,Sanctions,Belarus,samir sultanov
WL-0040,Farid Darwish,Sanctions,Syria,farid darwish
WL-0041,Hamza Ivanov,Sanctions,Libya,hamza ivanov
WL-0042,Rustam Zaman,PEP,Belarus,rustam zaman
WL-0043,Tariq Haddad,PEP,Russia,tariq haddad
WL-0044,Dmitri Haddad,Sanctions,Myanmar,dmitri haddad
WL-0045,Ivan Zaman,PEP,Syria,ivan zaman
WL-0046,Nadir Ivanov,PEP,Syria,nadir ivanov
WL-0047,Qasim Petrenko,Sanctions,Iran,qasim petrenko
WL-0048,Hamza Sultanov,Sanctions,Syria,hamza sultanov
WL-0049,Gideon Zaman,Sanctions,Russia,gideon zaman
WL-0050,Ivan Orlov,PEP,Iran,ivan orlov
WL-0051,Bashir Volkov,Sanctions,Syria,bashir volkov
WL-0052,Leila Barakat,Sanctions,Russia,leila barakat
WL-0053,Leila Petrenko,PEP,Syria,leila petrenko
WL-0054,Elena Ivanov,Sanctions,Russia,elena ivanov
WL-0055,Pavel Nasser,PEP,Russia,pavel nasser
WL-0056,Arman Ivanov,Sanctions,Belarus,arman ivanov
WL-0057,Cyrus Kazmi,PEP,Syria,cyrus kazmi
WL-0058,Elena Haddad,Sanctions,Belarus,elena haddad
WL-0059,Rustam Nasser,Sanctions,Libya,rustam nasser
WL-0060,Elena Nasser,PEP,Russia,elena nasser
